model,model_id,benchmark,benchmark_norm,harness_a,harness_b,source_a,source_b,score_a,score_b,metric_a,metric_b,shots_a,shots_b,cot_a,cot_b,temp_a,temp_b,delta,abs_delta,pct_delta,config_match,pair_type,file_a,file_b
StarCoder2-15B,bigcode/StarCoder2-15B,HumanEval+,humaneval_plus,evalplus,transformers,evalplus,hf_model_card,37.8,37.8,pass@1,pass@1,0,,,,,,0.0,0.0,0.0,False,direct,evalplus\bigcode\StarCoder2-15B\9e6b55f6-03b1-474a-8dbc-defe1dd27423.json,hf_model_card\bigcode\StarCoder2-15B\177bab07-99da-465d-b6ae-94dcf376e57f.json
StarCoder2-15B,bigcode/StarCoder2-15B,HumanEval+,humaneval_plus,evalplus,transformers,evalplus,hf_model_card,37.8,37.8,pass@1,pass@1,0,,,,,,0.0,0.0,0.0,False,direct,evalplus\bigcode\StarCoder2-15B\9e6b55f6-03b1-474a-8dbc-defe1dd27423.json,hf_model_card\bigcode\StarCoder2-15B\cf555ff8-f603-47b8-ad2d-c9cc4aedb5d5.json
starcoder2-15B-instruct-v0.1,bigcode/starcoder2-15B-instruct-v0.1,HumanEval+,humaneval_plus,evalplus,transformers,evalplus,hf_model_card,60.4,63.4,pass@1,pass@1,0,,,,,,-3.0,3.0,-4.731861198738171,False,direct,evalplus\bigcode\starcoder2-15B-instruct-v0.1\1f5d8592-8536-4a83-b875-27f3a23c3f97.json,hf_model_card\bigcode\StarCoder2-15B-Instruct-v0.1\0fe3e3d7-c176-40e1-a15b-a259e0229d9e.json
starcoder2-15B-instruct-v0.1,bigcode/starcoder2-15B-instruct-v0.1,HumanEval+,humaneval_plus,evalplus,transformers,evalplus,hf_model_card,60.4,63.4,pass@1,pass@1,0,,,,,,-3.0,3.0,-4.731861198738171,False,direct,evalplus\bigcode\starcoder2-15B-instruct-v0.1\1f5d8592-8536-4a83-b875-27f3a23c3f97.json,hf_model_card\bigcode\StarCoder2-15B-Instruct-v0.1\785faece-3baa-46c4-8b7f-c528080334e9.json
starcoder2-15B-instruct-v0.1,bigcode/starcoder2-15B-instruct-v0.1,MBPP+,mbpp_plus,evalplus,transformers,evalplus,hf_model_card,65.1,61.2,pass@1,pass@1,3,,,,,,3.8999999999999915,3.8999999999999915,5.990783410138236,False,direct,evalplus\bigcode\starcoder2-15B-instruct-v0.1\1f5d8592-8536-4a83-b875-27f3a23c3f97.json,hf_model_card\bigcode\StarCoder2-15B-Instruct-v0.1\0fe3e3d7-c176-40e1-a15b-a259e0229d9e.json
starcoder2-15B-instruct-v0.1,bigcode/starcoder2-15B-instruct-v0.1,MBPP+,mbpp_plus,evalplus,transformers,evalplus,hf_model_card,65.1,61.2,pass@1,pass@1,3,,,,,,3.8999999999999915,3.8999999999999915,5.990783410138236,False,direct,evalplus\bigcode\starcoder2-15B-instruct-v0.1\1f5d8592-8536-4a83-b875-27f3a23c3f97.json,hf_model_card\bigcode\StarCoder2-15B-Instruct-v0.1\785faece-3baa-46c4-8b7f-c528080334e9.json
StarCoder2-3B,bigcode/StarCoder2-3B,HumanEval+,humaneval_plus,evalplus,transformers,evalplus,hf_model_card,27.4,27.4,pass@1,pass@1,0,,,,,,0.0,0.0,0.0,False,direct,evalplus\bigcode\StarCoder2-3B\f087a8fc-d69c-4c96-a064-df1334fd374e.json,hf_model_card\bigcode\StarCoder2-3B\1c7bcd96-910b-42c5-9b15-1c51bb9d02d7.json
StarCoder2-3B,bigcode/StarCoder2-3B,HumanEval+,humaneval_plus,evalplus,transformers,evalplus,hf_model_card,27.4,27.4,pass@1,pass@1,0,,,,,,0.0,0.0,0.0,False,direct,evalplus\bigcode\StarCoder2-3B\f087a8fc-d69c-4c96-a064-df1334fd374e.json,hf_model_card\bigcode\StarCoder2-3B\8a8a59e7-78ec-4b5b-9d35-d0d74cb03b73.json
StarCoder2-7B,bigcode/StarCoder2-7B,HumanEval+,humaneval_plus,evalplus,transformers,evalplus,hf_model_card,29.9,29.9,pass@1,pass@1,0,,,,,,0.0,0.0,0.0,False,direct,evalplus\bigcode\StarCoder2-7B\30f992f1-e84f-4a3b-ac3a-7387990d8fd8.json,hf_model_card\bigcode\StarCoder2-7B\bbcb6f31-1e43-4fef-bc04-90659e0c4ce8.json
StarCoder2-7B,bigcode/StarCoder2-7B,HumanEval+,humaneval_plus,evalplus,transformers,evalplus,hf_model_card,29.9,29.9,pass@1,pass@1,0,,,,,,0.0,0.0,0.0,False,direct,evalplus\bigcode\StarCoder2-7B\30f992f1-e84f-4a3b-ac3a-7387990d8fd8.json,hf_model_card\bigcode\StarCoder2-7B\c64320dc-b263-4cad-956a-314c1337df97.json
Llama-3.1-Tulu-3-70B-SFT,allenai/Llama-3.1-Tulu-3-70B-SFT,IFEval,ifeval,lm_eval,vllm,open_llm_leaderboard_v2,hf_model_card,80.51,80.51,prompt_level_strict_acc,strict accuracy,0,0.0,,,,,0.0,0.0,0.0,True,direct,open_llm_leaderboard_v2\allenai\Llama-3.1-Tulu-3-70B-SFT\f718ae88-5c2c-4ba2-8de1-0c925f0c92b4.json,hf_model_card\allenai\Llama-3.1-Tulu-3-70B-SFT\35173779-c8ac-4928-8011-f46000bd8fec.json
Llama-3.1-Tulu-3-70B-SFT,allenai/Llama-3.1-Tulu-3-70B-SFT,BBH,bbh,lm_eval,vllm,open_llm_leaderboard_v2,hf_model_card,42.02,42.02,accuracy,normalized accuracy,3,3.0,True,,,,0.0,0.0,0.0,False,direct,open_llm_leaderboard_v2\allenai\Llama-3.1-Tulu-3-70B-SFT\f718ae88-5c2c-4ba2-8de1-0c925f0c92b4.json,hf_model_card\allenai\Llama-3.1-Tulu-3-70B-SFT\35173779-c8ac-4928-8011-f46000bd8fec.json
Llama-3.1-Tulu-3-70B-SFT,allenai/Llama-3.1-Tulu-3-70B-SFT,GPQA,gpqa,lm_eval,vllm,open_llm_leaderboard_v2,hf_model_card,12.64,12.64,accuracy,acc_norm,0,0.0,True,,,,0.0,0.0,0.0,False,direct,open_llm_leaderboard_v2\allenai\Llama-3.1-Tulu-3-70B-SFT\f718ae88-5c2c-4ba2-8de1-0c925f0c92b4.json,hf_model_card\allenai\Llama-3.1-Tulu-3-70B-SFT\35173779-c8ac-4928-8011-f46000bd8fec.json
Llama-3.1-Tulu-3-70B-SFT,allenai/Llama-3.1-Tulu-3-70B-SFT,MuSR,musr,lm_eval,vllm,open_llm_leaderboard_v2,hf_model_card,24.49,24.49,accuracy,acc_norm,0,0.0,True,,,,0.0,0.0,0.0,False,direct,open_llm_leaderboard_v2\allenai\Llama-3.1-Tulu-3-70B-SFT\f718ae88-5c2c-4ba2-8de1-0c925f0c92b4.json,hf_model_card\allenai\Llama-3.1-Tulu-3-70B-SFT\35173779-c8ac-4928-8011-f46000bd8fec.json
Llama-3.1-Tulu-3-70B-SFT,allenai/Llama-3.1-Tulu-3-70B-SFT,MMLU-Pro,mmlu_pro,lm_eval,vllm,open_llm_leaderboard_v2,hf_model_card,40.27,40.27,accuracy,accuracy,5,5.0,True,,,,0.0,0.0,0.0,False,direct,open_llm_leaderboard_v2\allenai\Llama-3.1-Tulu-3-70B-SFT\f718ae88-5c2c-4ba2-8de1-0c925f0c92b4.json,hf_model_card\allenai\Llama-3.1-Tulu-3-70B-SFT\35173779-c8ac-4928-8011-f46000bd8fec.json
Llama-3.1-Tulu-3-8B,allenai/Llama-3.1-Tulu-3-8B,IFEval,ifeval,lm_eval,vllm,open_llm_leaderboard_v2,hf_model_card,82.67,82.55,prompt_level_strict_acc,averaged accuracy,0,0.0,,,,,0.12000000000000455,0.12000000000000455,0.1451554372807603,True,direct,open_llm_leaderboard_v2\allenai\Llama-3.1-Tulu-3-8B\87e746b0-6548-4248-b1ad-97128afad515.json,hf_model_card\allenai\Llama-3.1-Tulu-3-8B\66306650-e0a6-47ac-a073-d7ce41b40907.json
Llama-3.1-Tulu-3-8B,allenai/Llama-3.1-Tulu-3-8B,BBH,bbh,lm_eval,vllm,open_llm_leaderboard_v2,hf_model_card,16.67,16.86,accuracy,normalized accuracy,3,3.0,True,,,,-0.18999999999999773,0.18999999999999773,-1.1269276393831418,False,direct,open_llm_leaderboard_v2\allenai\Llama-3.1-Tulu-3-8B\87e746b0-6548-4248-b1ad-97128afad515.json,hf_model_card\allenai\Llama-3.1-Tulu-3-8B\66306650-e0a6-47ac-a073-d7ce41b40907.json
Llama-3.1-Tulu-3-8B,allenai/Llama-3.1-Tulu-3-8B,GPQA,gpqa,lm_eval,vllm,open_llm_leaderboard_v2,hf_model_card,6.49,6.26,accuracy,acc_norm,0,0.0,True,,,,0.23000000000000043,0.23000000000000043,3.5439137134052454,False,direct,open_llm_leaderboard_v2\allenai\Llama-3.1-Tulu-3-8B\87e746b0-6548-4248-b1ad-97128afad515.json,hf_model_card\allenai\Llama-3.1-Tulu-3-8B\66306650-e0a6-47ac-a073-d7ce41b40907.json
Llama-3.1-Tulu-3-8B,allenai/Llama-3.1-Tulu-3-8B,MuSR,musr,lm_eval,vllm,open_llm_leaderboard_v2,hf_model_card,10.45,10.52,accuracy,acc_norm,0,0.0,True,,,,-0.07000000000000028,0.07000000000000028,-0.6653992395437289,False,direct,open_llm_leaderboard_v2\allenai\Llama-3.1-Tulu-3-8B\87e746b0-6548-4248-b1ad-97128afad515.json,hf_model_card\allenai\Llama-3.1-Tulu-3-8B\66306650-e0a6-47ac-a073-d7ce41b40907.json
Llama-3.1-Tulu-3-8B,allenai/Llama-3.1-Tulu-3-8B,MMLU-Pro,mmlu_pro,lm_eval,vllm,open_llm_leaderboard_v2,hf_model_card,20.3,20.23,accuracy,accuracy,5,5.0,True,,,,0.07000000000000028,0.07000000000000028,0.3448275862068979,False,direct,open_llm_leaderboard_v2\allenai\Llama-3.1-Tulu-3-8B\87e746b0-6548-4248-b1ad-97128afad515.json,hf_model_card\allenai\Llama-3.1-Tulu-3-8B\66306650-e0a6-47ac-a073-d7ce41b40907.json
Qwen2.5-72B-Instruct,Qwen/Qwen2.5-72B-Instruct,GPQA,gpqa,lm_eval,unknown_papers_with_code,open_llm_leaderboard_v2,papers_with_code,16.67,49.0,accuracy,Accuracy,0,,True,,,,-32.33,32.33,-65.97959183673468,False,implicit,open_llm_leaderboard_v2\Qwen\Qwen2.5-72B-Instruct\c9325daa-7e4d-4e5a-8d1f-e978a510a68f.json,papers_with_code\Qwen\Qwen2.5-72B-Instruct\79f27555-6c60-458a-8e3a-2ccaf5305af8.json
