model,model_id,benchmark,harness_a,harness_b,source_a,source_b,score_a,score_b,delta,abs_delta,config_matched,metric_a,metric_b,shots_a,shots_b,cot_a,cot_b,temp_a,temp_b,file_a,file_b
Llama-3.1-Tulu-3-70B-SFT,allenai/Llama-3.1-Tulu-3-70B-SFT,BBH,lm_eval,vllm,open_llm_leaderboard_v2,hf_model_card,42.02,42.02,0.0,0.0,False,accuracy,normalized accuracy,3,3.0,True,,,,open_llm_leaderboard_v2\allenai\Llama-3.1-Tulu-3-70B-SFT\f718ae88-5c2c-4ba2-8de1-0c925f0c92b4.json,hf_model_card\allenai\Llama-3.1-Tulu-3-70B-SFT\35173779-c8ac-4928-8011-f46000bd8fec.json
Llama-3.1-Tulu-3-8B,allenai/Llama-3.1-Tulu-3-8B,BBH,lm_eval,vllm,open_llm_leaderboard_v2,hf_model_card,16.67,16.86,-0.18999999999999773,0.18999999999999773,False,accuracy,normalized accuracy,3,3.0,True,,,,open_llm_leaderboard_v2\allenai\Llama-3.1-Tulu-3-8B\87e746b0-6548-4248-b1ad-97128afad515.json,hf_model_card\allenai\Llama-3.1-Tulu-3-8B\66306650-e0a6-47ac-a073-d7ce41b40907.json
Qwen2.5-72B-Instruct,Qwen/Qwen2.5-72B-Instruct,GPQA,lm_eval,unknown,open_llm_leaderboard_v2,papers_with_code,16.67,49.0,-32.33,32.33,False,accuracy,Accuracy,0,,True,,,,open_llm_leaderboard_v2\Qwen\Qwen2.5-72B-Instruct\c9325daa-7e4d-4e5a-8d1f-e978a510a68f.json,papers_with_code\Qwen\Qwen2.5-72B-Instruct\79f27555-6c60-458a-8e3a-2ccaf5305af8.json
StarCoder2-15B,bigcode/StarCoder2-15B,HumanEval+,evalplus,transformers,evalplus,hf_model_card,37.8,37.8,0.0,0.0,False,pass@1,pass@1,0,,,,,,evalplus\bigcode\StarCoder2-15B\9e6b55f6-03b1-474a-8dbc-defe1dd27423.json,hf_model_card\bigcode\StarCoder2-15B\177bab07-99da-465d-b6ae-94dcf376e57f.json
StarCoder2-15B,bigcode/StarCoder2-15B,HumanEval+,evalplus,transformers,evalplus,hf_model_card,37.8,37.8,0.0,0.0,False,pass@1,pass@1,0,,,,,,evalplus\bigcode\StarCoder2-15B\9e6b55f6-03b1-474a-8dbc-defe1dd27423.json,hf_model_card\bigcode\StarCoder2-15B\cf555ff8-f603-47b8-ad2d-c9cc4aedb5d5.json
starcoder2-15B-instruct-v0.1,bigcode/starcoder2-15B-instruct-v0.1,HumanEval+,evalplus,transformers,evalplus,hf_model_card,60.4,63.4,-3.0,3.0,False,pass@1,pass@1,0,,,,,,evalplus\bigcode\starcoder2-15B-instruct-v0.1\1f5d8592-8536-4a83-b875-27f3a23c3f97.json,hf_model_card\bigcode\StarCoder2-15B-Instruct-v0.1\0fe3e3d7-c176-40e1-a15b-a259e0229d9e.json
starcoder2-15B-instruct-v0.1,bigcode/starcoder2-15B-instruct-v0.1,HumanEval+,evalplus,transformers,evalplus,hf_model_card,60.4,63.4,-3.0,3.0,False,pass@1,pass@1,0,,,,,,evalplus\bigcode\starcoder2-15B-instruct-v0.1\1f5d8592-8536-4a83-b875-27f3a23c3f97.json,hf_model_card\bigcode\StarCoder2-15B-Instruct-v0.1\785faece-3baa-46c4-8b7f-c528080334e9.json
StarCoder2-3B,bigcode/StarCoder2-3B,HumanEval+,evalplus,transformers,evalplus,hf_model_card,27.4,27.4,0.0,0.0,False,pass@1,pass@1,0,,,,,,evalplus\bigcode\StarCoder2-3B\f087a8fc-d69c-4c96-a064-df1334fd374e.json,hf_model_card\bigcode\StarCoder2-3B\1c7bcd96-910b-42c5-9b15-1c51bb9d02d7.json
StarCoder2-3B,bigcode/StarCoder2-3B,HumanEval+,evalplus,transformers,evalplus,hf_model_card,27.4,27.4,0.0,0.0,False,pass@1,pass@1,0,,,,,,evalplus\bigcode\StarCoder2-3B\f087a8fc-d69c-4c96-a064-df1334fd374e.json,hf_model_card\bigcode\StarCoder2-3B\8a8a59e7-78ec-4b5b-9d35-d0d74cb03b73.json
StarCoder2-7B,bigcode/StarCoder2-7B,HumanEval+,evalplus,transformers,evalplus,hf_model_card,29.9,29.9,0.0,0.0,False,pass@1,pass@1,0,,,,,,evalplus\bigcode\StarCoder2-7B\30f992f1-e84f-4a3b-ac3a-7387990d8fd8.json,hf_model_card\bigcode\StarCoder2-7B\bbcb6f31-1e43-4fef-bc04-90659e0c4ce8.json
StarCoder2-7B,bigcode/StarCoder2-7B,HumanEval+,evalplus,transformers,evalplus,hf_model_card,29.9,29.9,0.0,0.0,False,pass@1,pass@1,0,,,,,,evalplus\bigcode\StarCoder2-7B\30f992f1-e84f-4a3b-ac3a-7387990d8fd8.json,hf_model_card\bigcode\StarCoder2-7B\c64320dc-b263-4cad-956a-314c1337df97.json
