model,format,extractor,accuracy,n_correct,n_total
Llama-3.1-8B-Instruct,cot,strict_####,0.0,0,400
Llama-3.1-8B-Instruct,cot,last_number,62.5,250,400
Llama-3.1-8B-Instruct,cot,boxed,0.5,2,400
Llama-3.1-8B-Instruct,cot,answer_is,15.0,60,400
Llama-3.1-8B-Instruct,cot,flexible_chain,62.5,250,400
Llama-3.1-8B-Instruct,instruct,strict_####,0.0,0,400
Llama-3.1-8B-Instruct,instruct,last_number,77.5,310,400
Llama-3.1-8B-Instruct,instruct,boxed,0.0,0,400
Llama-3.1-8B-Instruct,instruct,answer_is,0.0,0,400
Llama-3.1-8B-Instruct,instruct,flexible_chain,77.5,310,400
Llama-3.1-8B-Instruct,plain,strict_####,0.0,0,400
Llama-3.1-8B-Instruct,plain,last_number,75.5,302,400
Llama-3.1-8B-Instruct,plain,boxed,0.0,0,400
Llama-3.1-8B-Instruct,plain,answer_is,3.5,14,400
Llama-3.1-8B-Instruct,plain,flexible_chain,75.5,302,400
Mistral-7B-Instruct-v0.3,cot,strict_####,0.0,0,400
Mistral-7B-Instruct-v0.3,cot,last_number,49.0,196,400
Mistral-7B-Instruct-v0.3,cot,boxed,0.0,0,400
Mistral-7B-Instruct-v0.3,cot,answer_is,0.5,2,400
Mistral-7B-Instruct-v0.3,cot,flexible_chain,49.0,196,400
Mistral-7B-Instruct-v0.3,instruct,strict_####,0.0,0,400
Mistral-7B-Instruct-v0.3,instruct,last_number,45.0,180,400
Mistral-7B-Instruct-v0.3,instruct,boxed,0.0,0,400
Mistral-7B-Instruct-v0.3,instruct,answer_is,0.5,2,400
Mistral-7B-Instruct-v0.3,instruct,flexible_chain,45.0,180,400
Mistral-7B-Instruct-v0.3,plain,strict_####,0.0,0,400
Mistral-7B-Instruct-v0.3,plain,last_number,40.0,160,400
Mistral-7B-Instruct-v0.3,plain,boxed,0.0,0,400
Mistral-7B-Instruct-v0.3,plain,answer_is,0.0,0,400
Mistral-7B-Instruct-v0.3,plain,flexible_chain,40.0,160,400
Qwen2.5-14B-Instruct,cot,strict_####,0.0,0,400
Qwen2.5-14B-Instruct,cot,last_number,39.5,158,400
Qwen2.5-14B-Instruct,cot,boxed,4.0,16,400
Qwen2.5-14B-Instruct,cot,answer_is,0.0,0,400
Qwen2.5-14B-Instruct,cot,flexible_chain,39.5,158,400
Qwen2.5-14B-Instruct,instruct,strict_####,0.0,0,400
Qwen2.5-14B-Instruct,instruct,last_number,65.5,262,400
Qwen2.5-14B-Instruct,instruct,boxed,0.5,2,400
Qwen2.5-14B-Instruct,instruct,answer_is,0.0,0,400
Qwen2.5-14B-Instruct,instruct,flexible_chain,65.5,262,400
Qwen2.5-14B-Instruct,plain,strict_####,0.0,0,400
Qwen2.5-14B-Instruct,plain,last_number,67.0,268,400
Qwen2.5-14B-Instruct,plain,boxed,1.0,4,400
Qwen2.5-14B-Instruct,plain,answer_is,0.0,0,400
Qwen2.5-14B-Instruct,plain,flexible_chain,67.0,268,400
Qwen2.5-7B-Instruct,cot,strict_####,0.0,0,400
Qwen2.5-7B-Instruct,cot,last_number,70.0,280,400
Qwen2.5-7B-Instruct,cot,boxed,0.0,0,400
Qwen2.5-7B-Instruct,cot,answer_is,1.5,6,400
Qwen2.5-7B-Instruct,cot,flexible_chain,70.0,280,400
Qwen2.5-7B-Instruct,instruct,strict_####,0.0,0,400
Qwen2.5-7B-Instruct,instruct,last_number,62.0,248,400
Qwen2.5-7B-Instruct,instruct,boxed,2.5,10,400
Qwen2.5-7B-Instruct,instruct,answer_is,0.0,0,400
Qwen2.5-7B-Instruct,instruct,flexible_chain,62.0,248,400
Qwen2.5-7B-Instruct,plain,strict_####,0.0,0,400
Qwen2.5-7B-Instruct,plain,last_number,55.0,220,400
Qwen2.5-7B-Instruct,plain,boxed,0.5,2,400
Qwen2.5-7B-Instruct,plain,answer_is,0.0,0,400
Qwen2.5-7B-Instruct,plain,flexible_chain,55.0,220,400
