,alpacaeval2,arxiv_html_llm,arxiv_html_naive,bfcl,bigcodebench,chatbot_arena,evalplus,hf_model_card,mt_bench,open_llm_leaderboard_v2,papers_with_code,swe_bench,wildbench
alpacaeval2,1.0,0.0,0.0,0.0,0.007978723404255319,0.027972027972027972,0.020527859237536656,0.0,0.036290322580645164,0.009692009476631487,0.0,0.0,0.07984790874524715
arxiv_html_llm,0.0,1.0,0.001644736842105263,0.0,0.0,0.0,0.0,0.0,0.0,0.0,0.0,0.0,0.0
arxiv_html_naive,0.0,0.001644736842105263,1.0,0.0,0.0,0.0,0.0,0.0,0.0,0.0,0.0,0.0,0.0
bfcl,0.0,0.0,0.0,1.0,0.0,0.0,0.0,0.0,0.0,0.0,0.0,0.0,0.0
bigcodebench,0.007978723404255319,0.0,0.0,0.0,1.0,0.06857142857142857,0.06439393939393939,0.024539877300613498,0.0,0.008731717965509714,0.0037243947858473,0.0,0.018779342723004695
chatbot_arena,0.027972027972027972,0.0,0.0,0.0,0.06857142857142857,1.0,0.02694610778443114,0.0,0.0,0.004720017163698777,0.005016722408026756,0.0,0.025735294117647058
evalplus,0.020527859237536656,0.0,0.0,0.0,0.06439393939393939,0.02694610778443114,1.0,0.030303030303030304,0.0,0.0037174721189591076,0.003952569169960474,0.0,0.02197802197802198
hf_model_card,0.0,0.0,0.0,0.0,0.024539877300613498,0.0,0.030303030303030304,1.0,0.0,0.0013422818791946308,0.002544529262086514,0.0,0.0
mt_bench,0.036290322580645164,0.0,0.0,0.0,0.0,0.0,0.0,0.0,1.0,0.0008898776418242492,0.0,0.0,0.0
open_llm_leaderboard_v2,0.009692009476631487,0.0,0.0,0.0,0.008731717965509714,0.004720017163698777,0.0037174721189591076,0.0013422818791946308,0.0008898776418242492,1.0,0.001652892561983471,0.0,0.00555432126194179
papers_with_code,0.0,0.0,0.0,0.0,0.0037243947858473,0.005016722408026756,0.003952569169960474,0.002544529262086514,0.0,0.001652892561983471,1.0,0.0,0.0
swe_bench,0.0,0.0,0.0,0.0,0.0,0.0,0.0,0.0,0.0,0.0,0.0,1.0,0.0
wildbench,0.07984790874524715,0.0,0.0,0.0,0.018779342723004695,0.025735294117647058,0.02197802197802198,0.0,0.0,0.00555432126194179,0.0,0.0,1.0
