,alpacaeval2,bfcl,bigcodebench,chatbot_arena,evalplus,hf_model_card,mt_bench,open_llm_leaderboard_v2,papers_with_code,swe_bench,wildbench
alpacaeval2,2,0,0,0,0,0,0,0,0,0,0
bfcl,0,3,0,0,0,0,0,0,0,0,0
bigcodebench,0,0,2,0,0,0,0,0,0,0,0
chatbot_arena,0,0,0,1,0,0,0,0,0,0,0
evalplus,0,0,0,0,2,2,0,0,0,0,0
hf_model_card,0,0,0,0,2,156,0,0,5,0,0
mt_bench,0,0,0,0,0,0,1,0,0,0,0
open_llm_leaderboard_v2,0,0,0,0,0,0,0,6,5,0,0
papers_with_code,0,0,0,0,0,5,0,5,16,0,0
swe_bench,0,0,0,0,0,0,0,0,0,1,0
wildbench,0,0,0,0,0,0,0,0,0,0,2
