Source,source_raw,Total,Temp valid,Prompt valid,Version valid,Harness valid,Shots valid,Gap_temp,Gap_prompt,Gap_version,One-time effort,Ongoing cost
AlpacaEval2,alpacaeval2,446,0,0,0,0,446,446,446,446,30 min,0 (automated)
arxiv_html_llm,arxiv_html_llm,21532,1374,5582,9052,9052,0,20158,15950,12480,30 min,0 (automated)
arxiv_html_naive,arxiv_html_naive,231,37,203,151,151,0,194,28,80,30 min,0 (automated)
BFCL,bfcl,327,0,0,0,0,327,327,327,327,30 min,0 (automated)
BigCodeBench,bigcodebench,280,0,0,0,0,280,280,280,280,30 min,0 (automated)
Arena,chatbot_arena,218,0,0,0,0,0,218,218,218,30 min,0 (automated)
EvalPlus,evalplus,214,0,0,0,0,214,214,214,214,30 min,0 (automated)
HF-Card,hf_model_card,207,0,0,0,12,12,207,207,207,30 min,0 (automated)
MT-Bench,mt_bench,34,0,0,0,0,0,34,34,34,30 min,0 (automated)
OLv2,open_llm_leaderboard_v2,26790,0,0,26790,26790,26790,26790,26790,0,30 min,0 (automated)
PWC,papers_with_code,576,6,14,0,0,185,570,562,576,30 min,0 (automated)
SWE-bench,swe_bench,117,0,0,0,0,117,117,117,117,30 min,0 (automated)
WildBench,wildbench,122,0,0,0,0,0,122,122,122,30 min,0 (automated)
